"Sygnatura czasowa","Twoja obecna rola","Doświadczenie w obecnej roli","Wielkość działu wytwarzającego oprogramowanie w firmie, w której obecnie pracujesz. Alternatywnie: typowy rozmiar firmy, z którą zwykle współpracujesz. ","Czy oprogramowanie jest głównym produktem firmy, czy raczej wspiera działanie firmy?","Jak często korzystasz z narzędzi AI w pracy (chatboty, agenci, integracje w istniejących narzędziach, etc.)","Z jakich narzędzi korzystasz najczęściej?","Jak oceniasz zmianę efektywności swojej pracy związaną z korzystaniem z narzędzi AI?","W jakim stopniu twoja firma (lub klienci) inwestują w narzędzia AI?","Jaki jest stosunek ludzi w firmie (w twoim otoczeniu) do narzędzi AI?","(opcjonalnie) Zostaw dowolny komentarz dotyczący efektywności narzędzi AI ","Pracujesz obecnie?","Jak pewnie czujesz się w obecnej roli w obecnej firmie?","Co jest głównym źródłem niepewności? ","Jak blisko są narzędzia AI do tego, aby Cię zastąpić?","Jakie działania rozważasz jeśli chodzi o swoją przyszłość?","Które działania będą dla Ciebie najważniejsze?","Jeśli planujesz rozwój umiejętności, to jakich?","Jak wygląda według Ciebie przyszłość ról projektowych?"
"2026/03/09 12:08:30 PM EET","Agile Coach/Agile Consultant","10+ lat","150-500 osób","Oprogramowanie wspierające działanie firmy (głównym produktem jest coś innego)","Raz na kilka dni","ChatGPT, facylitator w Teamsach do notatek i agendy","3","4","4","","Tak. Ekwiwalent pełnego etatu","4","Obecnie jest wiele osób w rolach wspierających, projektowych w dziale. Delivery leads, Product Managers, kilku Agile Coachów. Czuję, że może być nas za dużo. Póki co jednak, wygląda na to, że management widzi wartość w naszej pracy z celami, wspieraniem zespołów w transparencji pracy, szkoleniami i mentoringiem.","2","Otworzenie własnego biznesu (lub stworzenie produktu);Inwestycja w narzędzia (w tym w AI);Wcześniejsza emerytura (FIRE)","Obecnie tworzenie własnych narzędzi (wraz z grupą znajomych), wsparcie się narzędziami AI oraz inwestycje finansowe.","Marketing, sprzedaż produktu, badanie potrzeb i sprawdzanie market fit. Umiejętności związane z prowadzeniem startupu.","Zostaną ci, którzy mają wsparcie AI lub swój własny biznes. W przyszłości być może zostaniemy zastąpieni w większym stopniu przez agentów AI."
"2026/03/09 3:51:44 PM EET","Scrum Master","1-3 lata","150-500 osób","Główny produkt (sprzedajemy oprogramowanie / usługę / SaaS)","Rzadziej niż raz w tygodniu","Chat GPT","4","5","5","","Tak. Ekwiwalent pełnego etatu","3","Szybkie tempo zmian","3","Rozwój umiejętności i zdobywanie nowej wiedzy;Zmiana roli (ale nadal w podobnym środowisku)","Elastyczność i dostosowanie do zmian","agenci AI","Nie będą potrzebne, albo w jakimś małym stopniu jako eksperci do nauki agentów"
"2026/03/10 9:27:52 AM EET","Scrum Master","5-10 lat","500+","Oprogramowanie wspierające działanie firmy (głównym produktem jest coś innego)","Rzadziej niż raz w tygodniu","ChatGPT, copilot ","2","3","3","","Tak. Ekwiwalent pełnego etatu","5","Jestem Scrum masterka na 50%, druga połowa to praca konsultanta wdrożeniowego systemy ERP ","1","Rozwój umiejętności i zdobywanie nowej wiedzy;Certyfikacja","Ciągłe podnoszenie kwalifikacji","Coaching, techniczne umiejętności ","Nadal będą potrzebne "
"2026/03/10 9:31:07 AM EET","Scrum Master","5-10 lat","150-500 osób","Oprogramowanie wspierające działanie firmy (głównym produktem jest coś innego)","Raz na kilka dni","Chat gpt, wewnętrzny chat ","4","4","5","","Tak. Ekwiwalent pełnego etatu","5","Robię dobrą robotę ","3","Rozwój umiejętności i zdobywanie nowej wiedzy;Inwestycja w narzędzia (w tym w AI)","-","","-"
"2026/03/10 9:43:49 AM EET","Technical Product Owner / Lead zespołu testerskiego","1-3 lata","500+","Oprogramowanie wspierające działanie firmy (głównym produktem jest coś innego)","Rzadziej niż raz w tygodniu","Jedyne, do jakiego mam obecnie dostęp to GitHub Copilot, ale już nie programuję tyle co kiedyś, więc używam go mało ","3","4","4","Trudno mi odpowiedzieć na poprzednie 3 pytania, narzędzie do którego mam dostęp właściwie ma zerowy wpływ na moją obecną pracę, a nawet jeśli dostanę dostęp do większej liczby narzędzi to nie widzę, żeby dramatycznie miały zmienić to co robię (większość wyzwań w tej pracy jest typu - przekonaj zespół X, żeby wziął na siebie jakiś ticket i wytłumacz technicznie dlaczego oni)","Tak. Ekwiwalent pełnego etatu","3","Jestem dość niepewna, bo w ostatnim roku były u mnie zwolnienia zarówno pracowników, jak i konsultantów. Sądzę, że AI to tylko wymówka, korekta rynku. Dużo ludzi w firmie nic nie robi, bo zatrudniono ich bez pomysłu na ich stanowisko i choć są kompetentni nie mają co robić. Czuję się kompetentna w swojej roli, ale są okresy, kiedy mój team też nie dostaje żadnych zadań albo wręcz zakazuje się nam wykonywać rzeczy z backlogu, bo są jakieś zewnętrzne dependencies i np. argument, że nie ma na to budżetu albo zasobów. Więc firma woli, żebyśmy siedzieli niewiele robiąc. Gdyby zdecydowano się na większe redukcje martwię się o szukanie pracy, co prawda mam techniczny background i mogę pracować na różnego typu stanowiskach, także typu engineer, ale dużo jest teraz rekrutacji widmo i problemów z nową pracą.","2","Rozwój umiejętności i zdobywanie nowej wiedzy;Certyfikacja;Całkowita zmiana zawodu (zmiana branży);Otworzenie własnego biznesu (lub stworzenie produktu);Budowanie marki osobistej m.in. kanału YouTube ","Rozwój umiejętności związanych z samym AI, marka osobista, rozwój (m.in. doktorat) ","Juz wyżej pisałam ","Uważam, że duża część pracy w tych rolach to część miękka, której nie da się zastąpić. Natomiast pewnie w związku z AI będzie takich stanowisk trochę mniej."
"2026/03/10 9:49:15 AM EET","Scrum Master","10+ lat","50-150 osób","Oprogramowanie wspierające działanie firmy (głównym produktem jest coś innego)","Jest za blokowane nie korzystam, o zystam prywatnie","Gemini ","4","3","1","Umiejętnie wdrożone i użyte ułatwiają życie ","Tak. Ekwiwalent pełnego etatu","4","Programy oszczędnościowe/cięcia kosztów ","2","Rozwój umiejętności i zdobywanie nowej wiedzy;Inwestycja w narzędzia (w tym w AI)","Wdrażanie narzędzi AI w mojej oracy","Wdrażanie narzędzi AI do optymalizacji mojej pracy","Kto będzie dobrze używał narzędzi AI będzie cennym assetem w firmie, kto nie, może nie mieć pracy"
"2026/03/10 9:55:11 AM EET","Team Lead, Frontend Developer ","5-10 lat","500+","Główny produkt (sprzedajemy oprogramowanie / usługę / SaaS)","Wielokrotnie w ciągu dnia","ChatGPT, GitHub Copilot ","3","4","4","","Tak. Ekwiwalent pełnego etatu","4","Nie wykorzystuję AI na poziomie, którego oczekują pracodawcy ","3","Rozwój umiejętności i zdobywanie nowej wiedzy;Zmiana roli (ale nadal w podobnym środowisku);Całkowita zmiana zawodu (zmiana branży);Otworzenie własnego biznesu (lub stworzenie produktu)","Praca z ludźmi, zmiana branży ","Wiedzę o AI, negocjacje, psychologia ","Więcej projektów , możliwość zrozumieć co jest najważniejsze "
"2026/03/10 10:17:01 AM EET","Delivery Lead","5-10 lat","150-500 osób","Oprogramowanie wspierające działanie firmy (głównym produktem jest coś innego)","Wielokrotnie w ciągu dnia","Github Copilot, ChatGPT","5","4","2","","Tak. Ekwiwalent pełnego etatu","2","Automatyzacja moich zadań, budowanie narzędzi w oparciu o AI, które przejmują rolę koordynatora/generatora pomysłów. ","5","Rozwój umiejętności i zdobywanie nowej wiedzy","Awansowanie na wyższe stanowiska, AI nie zastępuję odpowiedzialności.","Prowadzenia i zarządzania działami/firmami.","Zastąpienie przez samodzielne/Agile zespoły ze wsparciem narzędzi AI"
"2026/03/10 10:21:13 AM EET","Tester","1-3 lata","50-150 osób","Główny produkt (sprzedajemy oprogramowanie / usługę / SaaS)","Wielokrotnie w ciągu dnia","Cursor AI","3","5","3","","Tak. Ekwiwalent pełnego etatu","4","Brak studiow technicznych powoduje że nie czuję się na 100% komfortowo ","1","Rozwój umiejętności i zdobywanie nowej wiedzy","Rozwój osobisty ","Obsługa narzędzi AI, ","Nie mam zdania "
"2026/03/10 10:39:13 AM EET","Portfolio Manager","0-12 miesięcy","150-500 osób","Główny produkt (sprzedajemy oprogramowanie / usługę / SaaS)","Wielokrotnie w ciągu dnia","Notebook LLM, Glean AI, Gemini","4","4","4","","Tak. Ekwiwalent pełnego etatu","3","zmiany na każdym poziomie organizacji i we wszystkich rolach","2","Rozwój umiejętności i zdobywanie nowej wiedzy;Zmiana roli (ale nadal w podobnym środowisku);Inwestycja w narzędzia (w tym w AI)","Rozwój umiejętności i zdobywanie nowej wiedzy","AI","są mocno zautomatyzowane dzięki AI, co daje więcej transparentości
ale cały flow dalej jest definiowany przez ludzi"
"2026/03/10 10:49:43 AM EET","Agile Coach/Agile Consultant","5-10 lat","500+","Oprogramowanie wspierające działanie firmy (głównym produktem jest coś innego)","Wielokrotnie w ciągu dnia","copilot, gemini, claude. Chatboty, agenty kodowania i narzedzia esencjonujace tresci","3","4","2","Wchodzimy w faze industralizacji, zbierania doswiadczen i tak na prawde jestesmy na poczatku rewolucji","Tak, ale niepełny etat.","4","jak szybko sie bedziemy dostosowywac do nowych zadan, bez wzgledy na glowna role","1","Rozwój umiejętności i zdobywanie nowej wiedzy;Inwestycja w narzędzia (w tym w AI);samodzielne eksperymenty z kodowaniem AI","samodzielne eksperymenty, jako uzupelnienie szkolen, wiedzy i praktyki zawodowej","Technical Agile Coaching","Pojecie rol projektowych stanie sie drugorzedne. Wazniejsze stanie sie ""co robisz?"" ""jak to robisz?"" i ""komu tym pomagasz?"""
"2026/03/10 10:56:21 AM EET","Release Train Engineer","0-12 miesięcy","500+","Główny produkt (sprzedajemy oprogramowanie / usługę / SaaS)","Wielokrotnie w ciągu dnia","Glean, Gemini","3","5","5","","Tak. Ekwiwalent pełnego etatu","3","Wszechobecne zwolnienia skupione na cięciu kosztów, brak jasno sprecyzowanych oczekiwań od stakeholderów co do roli w organizacji, ogólny bum na AI bez większego zrozumienia celu jego wykorzystania w stylu “ważne, że używamy, nieważne czy są z tego korzyści”","3","Otworzenie własnego biznesu (lub stworzenie produktu);Obecnie jestem w kropce i szukam inspiracji co robić","Znalezienie stabilniejszej alternatywy, prawdopodobnie czegoś na własną rękę","Budowanie agentów, rozważam zmianę branży w dalszej przyszłości","Zabranie czynnika ludzkiego osobiście mnie przytłacza i przeraża, nie wyobrażam sobie działania organizacji bez ludzkiej reprezentacji ról projektowych."
"2026/03/10 11:23:09 AM EET","Scrum Master","5-10 lat","50-150 osób","Oprogramowanie wspierające działanie firmy (głównym produktem jest coś innego)","Wielokrotnie w ciągu dnia","Github Copilot, ChatGPT Enterprise, perplexity","4","4","3","","Tak, ale niepełny etat.","3","Dynamika zmian, niezrozumienie jak działają szeroko pojęte narzędzia AI ","3","Rozwój umiejętności i zdobywanie nowej wiedzy;Zmiana roli (ale nadal w podobnym środowisku);Całkowita zmiana zawodu (zmiana branży)","Rozwój umiejętności i ewentualny plan B","Użycie narzędzi AI w świadomy sposób, przyspieszenie swojej pracy","Podział na twarde i miękkie umiejętności zacznie się zacierać - od osób w roli nietechnicznej będzie wymagana umiejętności użycia narzędzi AI w sposób świadomowy, a od osób technicznych większa wiedza i otwartość na podejście biznesowe"
"2026/03/10 11:46:19 AM EET","Scrum Master","5-10 lat","150-500 osób","Oprogramowanie wspierające działanie firmy (głównym produktem jest coś innego)","Wielokrotnie w ciągu dnia","przefrazowanie, podsumowania notatek, brainstorm","4","4","3","","Tak. Ekwiwalent pełnego etatu","4","mam poczucie, ze bez moja praca to bardziej ""nice to have""","3","Rozwój umiejętności i zdobywanie nowej wiedzy","eksplorowanie innych możliwości","","nie wiem"
"2026/03/10 11:46:39 AM EET","Delivery Lead","5-10 lat","50-150 osób","Oprogramowanie wspierające działanie firmy (głównym produktem jest coś innego)","Wielokrotnie w ciągu dnia","Claude, ChatGPT, Perplexity, Lovable, Dyad, Fireflies, Copilots, NotebookLM ","4","3","4","","Tak. Ekwiwalent pełnego etatu","4","Sytuacja rynkowa nie pozwala, nawet w bardzo ""bezpiecznej"" sytuacji czuć się w pełni pewnie (i raczej nigdy nie byłoby to zdrowe)","2","Rozwój umiejętności i zdobywanie nowej wiedzy;Zmiana roli (ale nadal w podobnym środowisku);Otworzenie własnego biznesu (lub stworzenie produktu);Inwestycja w narzędzia (w tym w AI)","Rozwój umiejętności i otwarcie własnego biznesu, względnie nowa rola (o ile będzie bardziej atrakcyjna niż własny biznes)","Automatyzacja procesów dla ich realnego usprawnienia (redukcja kosztów, czasu spędzanego na mało wartościowych czynnościach), doradztwo strategiczne, transformacyjne, sprzedaż, business development ","Moim zdaniem typowe (definicje ostatnich 10 lat) role projektowe będą coraz częściej łączyć/przenikać się z rolami typu ""builder"" (czy to produktowo, czy procesowo), a także z rolami po stronie ""biznesu"". "
"2026/03/10 12:01:07 PM EET","Line manager ","3-5 lat","500+","Główny produkt (sprzedajemy oprogramowanie / usługę / SaaS)","Wielokrotnie w ciągu dnia","Gemini","4","4","4","W rolach nietechnicznych w mojej firmie brakuje mi szkoleń z obsługi AI i możliwości wykorzystania go w codziennej pracy. Narzędzia sa, ale używam ich troche metoda prób i błędów. Sztukę pisania promptow musze poznawać sama. A szkoda","Tak. Ekwiwalent pełnego etatu","5","Stabilna firma, projekty.","1","Rozwój umiejętności i zdobywanie nowej wiedzy;Inwestycja w narzędzia (w tym w AI);Niezależność finansowa i wcześniejsza emerytura (FIRE)","Nauczenie sie optymalnego korzystania z AI","AI","Nie bedzie łatwo ich zastąpić, bo w rolach projektowych sa istotne umiejętności miękkie."
"2026/03/10 12:20:05 PM EET","Agile Coach/Agile Consultant","5-10 lat","50-150 osób","Oprogramowanie wspierające działanie firmy (głównym produktem jest coś innego)","Raz dziennie","Copilot, NotebookLM","3","4","3","","Tak. Ekwiwalent pełnego etatu","4","Zwykła ostrożność i pokora nie pozwala mi dać 5 ale czuję się dość pewnie","2","Rozwój umiejętności i zdobywanie nowej wiedzy;Całkowita zmiana zawodu (zmiana branży);Dbanie o siebie i relacje","Dbanie o siebie i relacje","Uważność, umiejętność życia w niedostatku i znajdywanie szczęścia w dbaniu o siebie i bliskich","Nie mam pojęcia :)"
"2026/03/10 1:24:58 PM EET","Agile Coach/Agile Consultant","5-10 lat","150-500 osób","Oprogramowanie wspierające działanie firmy (głównym produktem jest coś innego)","Wielokrotnie w ciągu dnia","Copilot, Gemini, Perplexity - zależy czy w pracy na służbowym czy prywatnie","4","3","3","","Tak. Ekwiwalent pełnego etatu","2","zmiany w firmie i cięcia + outsourcing do Indii","3","Rozwój umiejętności i zdobywanie nowej wiedzy;Certyfikacja;Zmiana roli (ale nadal w podobnym środowisku);Otworzenie własnego biznesu (lub stworzenie produktu);Inwestycja w narzędzia (w tym w AI);Niezależność finansowa i wcześniejsza emerytura (FIRE)","Trudno powiedzieć - najlepiej niezależność finansowa i wygrana w totka","prezentacji, miekkich skili, ale też odporności psychicznej i zarządzania zmianą","orkiestracja narzędzi z wykorzystaniem AI"
"2026/03/10 1:37:11 PM EET","Scrum Master","5-10 lat","500+","Oprogramowanie wspierające działanie firmy (głównym produktem jest coś innego)","Rzadziej niż raz w tygodniu","Chat gpt ","1","2","5","","Tak. Ekwiwalent pełnego etatu","3","Wycofanie finansowania z projektów wdrażających AI","3","Rozwój umiejętności i zdobywanie nowej wiedzy;Certyfikacja;Otworzenie własnego biznesu (lub stworzenie produktu)","Studia","Finanse","Umiera na rzecz ról technicznych "
"2026/03/10 1:54:36 PM EET","Trener/konsultant","10+ lat","150-500 osób","Oprogramowanie wspierające działanie firmy (głównym produktem jest coś innego)","Wielokrotnie w ciągu dnia","Claude, ChatGPT ","4","3","4","","Nie","2","Zmiany systemowe","1","Rozwój umiejętności i zdobywanie nowej wiedzy;Zmiana roli (ale nadal w podobnym środowisku);Całkowita zmiana zawodu (zmiana branży);Otworzenie własnego biznesu (lub stworzenie produktu)","Kompetencje adekwatne do rzeczywistych potrzeb. ","Praca ludzi, i ich nowe narzędzia ","Nie wiem. "
"2026/03/10 2:03:12 PM EET","Project Manager","5-10 lat","150-500 osób","Oprogramowanie wspierające działanie firmy (głównym produktem jest coś innego)","Raz dziennie","Firmowy system AI, oparty na chacie GPT","3","2","3","","Tak. Ekwiwalent pełnego etatu","3","Stagnacja, brak perspektyw rozwoju zawodowego ","2","Rozwój umiejętności i zdobywanie nowej wiedzy;Zmiana roli (ale nadal w podobnym środowisku);Całkowita zmiana zawodu (zmiana branży)","Zmiana pracy i rozwój ","","Myślę, że człowiek nadal będzie potrzebny, aby zarządzać i krytycznie oceniać informacje uzyskane z narzędzi AI"
"2026/03/10 2:21:21 PM EET","Delivery Lead","1-3 lata","500+","Oprogramowanie wspierające działanie firmy (głównym produktem jest coś innego)","Wielokrotnie w ciągu dnia","Copilot","4","2","4","","Tak. Ekwiwalent pełnego etatu","4","Nigdy nie można być niczego w 100% pewnym:)","3","Rozwój umiejętności i zdobywanie nowej wiedzy;Zmiana roli (ale nadal w podobnym środowisku);Otworzenie własnego biznesu (lub stworzenie produktu);Inwestycja w narzędzia (w tym w AI)","Rozwój umiejętności","Rozwój umiejętności związanych z AI, dobre zrozumienie podstaw AI, systemów agentowyqch i architektury, mimo, że nie jestem w roli technicznej.","jeszcze większość się granic pomiędzy rolami produktowymi, a technicznymi"
"2026/03/10 2:22:22 PM EET","Agile Coach/Agile Consultant","20","500+","Oprogramowanie wspierające działanie firmy (głównym produktem jest coś innego)","Wielokrotnie w ciągu dnia","Modele LLM, Claude, Grok, chetGPT","4","3","5","","Nie","2","Brak popytu na usługi, trend AI zamiast Agile, niskie stawki, dostępność ekspertów.","2","Rozwój umiejętności i zdobywanie nowej wiedzy;Zmiana roli (ale nadal w podobnym środowisku)","Zacznę robić to co zawsze odkładałem.","Sprzedaż, marketing.","Role będą dynamiczne. Będzie się zmieniał zakres obowiązków. Trzeba będzie szybciej się adapotować."
"2026/03/10 2:23:56 PM EET","Agile Coach/Agile Consultant","5-10 lat","500+","Oprogramowanie wspierające działanie firmy (głównym produktem jest coś innego)","Wielokrotnie w ciągu dnia","Dedykowana aplikacja korporacji z możliwością przełączania 10 modeli","4","4","3","","Tak, ale niepełny etat.","1","Likwidacja stanowiska ","4","Rozwój umiejętności i zdobywanie nowej wiedzy;Zmiana roli (ale nadal w podobnym środowisku);Całkowita zmiana zawodu (zmiana branży)","Zmiana roli","","Zostaną przekształcone "
"2026/03/10 4:23:18 PM EET","Project Manager","3-5 lat","1-50 osób","Oprogramowanie wspierające działanie firmy (głównym produktem jest coś innego)","Wielokrotnie w ciągu dnia","Publiczne modele językowe ","4","5","3","","Tak. Ekwiwalent pełnego etatu","2","Automatyzacja narzędzi","4","Rozwój umiejętności i zdobywanie nowej wiedzy;Certyfikacja;Zmiana roli (ale nadal w podobnym środowisku)","Rozwój umiejętności i zdobywanie nowej wiedzy","","Stanie się aktywnym uczestnikiem procesu tworzenia programowania, bardziej tech niż zarządzanie projektem"
"2026/03/10 5:15:12 PM EET","Project Manager","1-3 lata","1-50 osób","Główny produkt (sprzedajemy oprogramowanie / usługę / SaaS)","Raz dziennie","Chat, notebooklm, gama app","3","3","4","","Nie","1","Obecnie szukam pracy ","3","Rozwój umiejętności i zdobywanie nowej wiedzy;Zmiana roli (ale nadal w podobnym środowisku);Inwestycja w narzędzia (w tym w AI)","Szkolenie i podnoszenie kwalifikacji 
Rozważam też zmianę branży ","Szkolenia z AI ale tez z miekkich rzeczy typu coaching","1. Z jednej strony pojawia się coraz więcej ról hybrydowych, łączących różne stanowiska i kompetencje (od analizy biznesowej po rozwiazywanie problemów czy wdrażanie SCRUMa)
2. Możliwe ""znikanie"" roli typowego PM (dużo da się tutaj zautomatyzować czy zastąpić AI)
3. Dla równowagi może znowu wzrosnąć rola takich osob jak SM czy Agile Coach, którzy zagospodarują te obszary dzialania, które nie da się zautomatyzować i są zbyt ludzkie"
"2026/03/10 8:00:47 PM EET","head of data","5-10 lat","500+","Główny produkt (sprzedajemy oprogramowanie / usługę / SaaS)","Wielokrotnie w ciągu dnia","narzędzia wewnętrzenie rozwijane + copilot + chatgpt","5","2","4","","Tak. Ekwiwalent pełnego etatu","5","zajmuję się wdrażaniem rozwiązań AI","1","Rozwój umiejętności i zdobywanie nowej wiedzy;Certyfikacja;Otworzenie własnego biznesu (lub stworzenie produktu);Inwestycja w narzędzia (w tym w AI)","rozwój umiejętnosci","zarządzanie projektami AI","widzę to jako człowiek +AI (efektywna synergia)"
"2026/03/10 8:42:23 PM EET","Scrum Master","5-10 lat","150-500 osób","Główny produkt (sprzedajemy oprogramowanie / usługę / SaaS)","Raz na kilka dni","Czat GPT","4","4","3","","Tak. Ekwiwalent pełnego etatu","3","Cięcia budżetowe, blokery zmian którzy są umocowani w firmie przez co wysiłek tych którym się chce jest dużo mniejszy niż by mógł być","3","Rozwój umiejętności i zdobywanie nowej wiedzy;Zmiana roli (ale nadal w podobnym środowisku);Całkowita zmiana zawodu (zmiana branży)","Zdobywanie nowych doświadczeń","","We współpracy z AI"
"2026/03/10 11:19:16 PM EET","Team Leader","5-10 lat","500+","Oprogramowanie wspierające działanie firmy (głównym produktem jest coś innego)","Wielokrotnie w ciągu dnia","GHC, ChatGPT, Suno, internal GPT","3","5","4","","Tak. Ekwiwalent pełnego etatu","4","Niepewność na rynku IT","1","Rozwój umiejętności i zdobywanie nowej wiedzy;Inwestycja w narzędzia (w tym w AI)","Rozwój i widzea w zakresie AI","uzycie narzędzi AI/ML w wielu aspektach IT od zarządzania przez testy jak i sam produkt","Tak samo jak dzisiaj, ale bardziej zautomatyzowana. "
"2026/03/11 5:49:55 AM EET","Consultant ","0-12 miesięcy","150-500 osób","Główny produkt (sprzedajemy oprogramowanie / usługę / SaaS)","Wielokrotnie w ciągu dnia","Copilot","5","4","4","","Tak. Ekwiwalent pełnego etatu","2","Jestem tak daleko tej oceny że właściwie wszystkiego brakuje - na pewno deklaracji że rola jest przewidziana w przyszłości i jasnej klarownej informacji jaką jest jej przyszłość , konkretnych zadań i zakresu ","2","Rozwój umiejętności i zdobywanie nowej wiedzy;Certyfikacja;Inwestycja w narzędzia (w tym w AI)","Rozwój umiejętności ","Umiejętność prowadzenia projektów i product led thinking ","Mocni ludzie w tych pozycjach będą musieli udowadniać po co są. Że ich rola nie jest rejestracją zdarzeń czy przypominanie o robocie, rozliczanie a kreowanie środowiska pracy opartego na zaangażowaniu"
"2026/03/11 10:51:10 AM EET","Scrum Master","10+ lat","500+","Główny produkt (sprzedajemy oprogramowanie / usługę / SaaS)","Raz na kilka dni","ChatGPT","2","3","4","","Tak. Ekwiwalent pełnego etatu","5","Lata pracy w firmie ","2","Rozwój umiejętności i zdobywanie nowej wiedzy;Zmiana roli (ale nadal w podobnym środowisku)","Zastanawiam się nad zmianą roli","AI, zarządzanie ludźmi ","Niewiele się zmieni, ale pewności nie mam. "
"2026/03/11 11:19:24 AM EET","Scrum Master","5-10 lat","500+","Główny produkt (sprzedajemy oprogramowanie / usługę / SaaS)","Wielokrotnie w ciągu dnia","Claude Code, Rovo, MCP servers","4","5","3","","Tak. Ekwiwalent pełnego etatu","3","Dużo zmian na raz, trudno wyrokować ","2","Rozwój umiejętności i zdobywanie nowej wiedzy;Zmiana roli (ale nadal w podobnym środowisku);Inwestycja w narzędzia (w tym w AI)","Rozwój umiejętności ","Techniczne umiejętności związane z automatyzacją i analizą opartą o AI","Ogromne oczekiwania co do automatyzacji pracy i przyjmowania większej ilości obowiązków "
"2026/03/11 11:22:32 AM EET","Scrum Master","10+ lat","50-150 osób","Oprogramowanie wspierające działanie firmy (głównym produktem jest coś innego)","Raz dziennie","Claude, Perplexity","3","2","3","","Tak. Ekwiwalent pełnego etatu","3","Dopiero rozpocząłem pracę u nowego klienta.","3","Rozwój umiejętności i zdobywanie nowej wiedzy;Całkowita zmiana zawodu (zmiana branży);Otworzenie własnego biznesu (lub stworzenie produktu);Niezależność finansowa i wcześniejsza emerytura (FIRE)","Rozwój umiejętności.","Rozwój umiejętności rzemieśliniczych / rękodzielniczych","Większość ról pozostanie w lekko zmienionej formie, ale też niektóre znikną lub zostaną zastąpione."
"2026/03/11 12:12:36 PM EET","Scrum Master","3-5 lat","50-150 osób","Oprogramowanie wspierające działanie firmy (głównym produktem jest coś innego)","Rzadziej niż raz w tygodniu","Chatgpt","2","3","3","","Tak. Ekwiwalent pełnego etatu","3","Dzieją się zmiany ale niekoniecznie jest to związane z AI","3","Rozwój umiejętności i zdobywanie nowej wiedzy;Zmiana roli (ale nadal w podobnym środowisku)","Rozwój szkolenia nauka","","Moim zdaniem nie znikną"
"2026/03/11 12:34:58 PM EET","Agile Coach/Agile Consultant","10+ lat","500+","Oprogramowanie wspierające działanie firmy (głównym produktem jest coś innego)","Raz dziennie","Copilot, Claude","2","3","2","","Tak. Ekwiwalent pełnego etatu","4","Mała liczba ofert na rynku","1","Rozwój umiejętności i zdobywanie nowej wiedzy;Niezależność finansowa i wcześniejsza emerytura (FIRE)","Odpowiadanie na potrzeby rynku poprzez poszerzanie wiedzy","Wsparcie AI procesów planistycznych i analiz empirycznych ","Tak samo jak teraz, z drobnym wsparciem AI"
"2026/03/11 4:30:24 PM EET","Scrum Master","10+ lat","500+","Oprogramowanie wspierające działanie firmy (głównym produktem jest coś innego)","Wielokrotnie w ciągu dnia","chatboty, NotebookLM, własnej produkcji oprogramowanie budujące backlog i prototypy na podstawie transkrypcji spotkań ze stakeholderami","3","4","5","AI przyspiesza mnóstwo rzeczy, ale jakość wydaje się dobra jedynie powierzchownie. Trzeba wszystko mocno weryfikować, bo poziom halucynacji jest bardzo wysoki.","Tak, ale niepełny etat.","3","Dublujące się role w firmie (np. project managerowie mają częściowo zakres obowiązków pokrywający SMów i PO, a mają politycznie mocną pozycję w firmie. Project managerowie mieli władzę w ręku, SMi byli niżej w hierarchii, byli co najwyżej siłą doradczą, której starano się nie wpuszczać powyżej poziomu zespołu; project managerowie blokowali głębszą transformację sposobów pracy, bo zagrażała prestiżowi ich ról, np. poprzez oddanie decyzjności do PO; zmieniły się nazwy stanowisk, nieznaczne usprawnienia procesowe i inżynierskie, C-level myśli że już jesteśmy zwinni, więc teraz wymaga użycia AI).

Kiepska prasa SMów - co gorsza głównie narzekają na umierający Agile i umierające role SMów, konsultanci i trenerzy zwinności, którzy od lat wciskali środowisku swoje usługi i szkolenia.

Mało ofert na tynku dotyczące roli SM/AC.","1","Zmiana roli (ale nadal w podobnym środowisku);Inwestycja w narzędzia (w tym w AI)","1. Pokazuję swoją wartość w obecnej firmie.
2. Rozglądam się ofertami w rolach kierowniczych w firmach produktowych, IT.","","Firmy potrzebują osób skupionych na efektywnności, continous improvement (od tematów technicznych, przez produktowe do interakcji międzyludzkich). W zależności od wielkości firmy będą to menedżerowie, agile coache, delivery leaderzy. Duże firmy mają często struktury z mnóstwem zależności i tam jest potrzeba więcej osób w rolach skupionych na efektywności. W mniejszych lub lepiej zorganizowanych firmach może to być jedno z zadań managerów."
"2026/03/11 6:37:40 PM EET","Scrum Master","3-5 lat","1-50 osób","Oprogramowanie wspierające działanie firmy (głównym produktem jest coś innego)","Wielokrotnie w ciągu dnia","Chaty i wtyczki w programach ","4","3","5","","Urlop macierzyński ","2","Pomniejszanie diali IT","3","Rozwój umiejętności i zdobywanie nowej wiedzy;Zmiana roli (ale nadal w podobnym środowisku)","Znalezienie czegoś odpowiedniego dla siebie, roli przennej i pewnej ","","Ograniczenie liczby osób potrzebnych i wyśrubowane oczekiwania (osoby z doświadczeniem, skuteczne w roli, seniorskie umiejętności ) "
"2026/03/11 6:56:19 PM EET","Scrum Master","5-10 lat","500+","Oprogramowanie wspierające działanie firmy (głównym produktem jest coś innego)","Wielokrotnie w ciągu dnia","Copilot, ChatGPT","4","3","3","Super pomoc, ale w połączeniu z  doświadczeniem, wiedzą i intuicją czlowieka ","Tak. Ekwiwalent pełnego etatu","5","Aktualna sytuacja w firmie i feedback ","2","Całkowita zmiana zawodu (zmiana branży)","Przebranżowienie, ale z wykorzystaniem zdobytej wiedzy","","Zakładam wyjście z podejścia projektowego, na rzecz produktowego "
"2026/03/11 7:25:13 PM EET","Learning and development specialist ","1-3 lata","500+","Główny produkt (sprzedajemy oprogramowanie / usługę / SaaS)","Raz dziennie","Geminai","4","2","4","","Nie","4","Firma jest lekko zacofana jeśli chodzi o bycie pionierem w świecie technologii.","3","Rozwój umiejętności i zdobywanie nowej wiedzy;Certyfikacja;Zmiana roli (ale nadal w podobnym środowisku)","Certyfikacja i podnoszenie kompetencji językowych ","J.w. ","Trudno powiedzieć "
"2026/03/12 10:12:14 AM EET","Project Manager","10+ lat","50-150 osób","Główny produkt (sprzedajemy oprogramowanie / usługę / SaaS)","Wielokrotnie w ciągu dnia","Copilot (Microsoft + GitHub), Claude Code","4","4","5","","Tak, ale niepełny etat.","5","czuje się pewnie - moja rola zostanie zachowana przez najbliższe lata, ale pewnie będę w stanie kontrolować więcej projektów na raz.","2","Rozwój umiejętności i zdobywanie nowej wiedzy;Inwestycja w narzędzia (w tym w AI)","hands on experience w używaniu AI","tworzenie swoich własny projektów przy użyciu Claude Code (zarówno prywatnych jak i zawodowych) usprawnianie środowiska naokoło mnie. ","w ciągu najbliższych 3-5lat człowiek będzie potrzebny do ogarniania procesów E2E i koordynacji agentów którzy będą naszymi rączkami usprawniającymi działanie produktów i systemów. "
"2026/03/12 10:17:14 AM EET","Project Manager","1-3 lata","500+","Główny produkt (sprzedajemy oprogramowanie / usługę / SaaS)","Wielokrotnie w ciągu dnia","Copilot podlaczony pod siec firmowa , wewnetrzne narzedzia firmowe oparte na LLM/AI","4","5","3","","Tak. Ekwiwalent pełnego etatu","5","mozliwosci rozwoju, mozliwe restrukturyzacje ","3","Rozwój umiejętności i zdobywanie nowej wiedzy;Zmiana roli (ale nadal w podobnym środowisku);Inwestycja w narzędzia (w tym w AI);AI PRoject MAnager ;) ","Uzywanie AI w pm ","rozwoj narzedzi AI jako PM i rozwoj i testowanie nowych narzedzi ","normalnie ;) "
"2026/03/12 10:38:26 AM EET","Project Manager","3-5 lat","50-150 osób","Główny produkt (sprzedajemy oprogramowanie / usługę / SaaS)","Raz dziennie","ChatGPT, Gemini, Notebook LM","4","4","4","","Tak. Ekwiwalent pełnego etatu","3","Rynek pracy","2","Rozwój umiejętności i zdobywanie nowej wiedzy;Certyfikacja;Zmiana roli (ale nadal w podobnym środowisku)","Rozwój umiejętności i zdobywanie nowej wiedzy","Data","zwiększanie intensywności pracy"
"2026/03/12 10:39:15 AM EET","Project Manager","3-5 lat","50-150 osób","Główny produkt (sprzedajemy oprogramowanie / usługę / SaaS)","Wielokrotnie w ciągu dnia","Copilot, Gemini, ChatGPT","3","4","5","","Tak. Ekwiwalent pełnego etatu","3","Zmiana struktur w organizacji (przejęcie przez inną firmę)","2","Rozwój umiejętności i zdobywanie nowej wiedzy;Certyfikacja","Rozwój umiejętności ","Zarządzanie projektami wielkoformatowymi i transformacje AI","AI robi rzeczy nie kreatywne; tam gdzie jest potrzebne myślenie poza schematami, tam nadal będą potrzebni ludzie. "
"2026/03/12 12:33:31 PM EET","Delivery Lead","10+ lat","500+","Oprogramowanie wspierające działanie firmy (głównym produktem jest coś innego)","Wielokrotnie w ciągu dnia","Copilot, gpt ","4","5","4","","Tak. Ekwiwalent pełnego etatu","5","Dobre wyniki, potrzeby moich klientów i dużo pracy (nawet za dużo) dla mnie ","3","Rozwój umiejętności i zdobywanie nowej wiedzy;Zmiana roli (ale nadal w podobnym środowisku);Całkowita zmiana zawodu (zmiana branży);Otworzenie własnego biznesu (lub stworzenie produktu);Niezależność finansowa i wcześniejsza emerytura (FIRE)","Rozwój Czepiec swojego i zmianą trochę branży ","Dobrostan ludzki, zdrowie psychiczne ","Zastąpienie pracy powtarzalnej przez AI praca ludzka na wyższym poziomie. Ludzie będą potrzebni zawsze!;)"
"2026/03/12 1:36:12 PM EET","Project Manager","5-10 lat","150-500 osób","Oprogramowanie wspierające działanie firmy (głównym produktem jest coś innego)","Raz na kilka dni","Copilot","4","4","3","","Tak. Ekwiwalent pełnego etatu","4","Koniec projektu","2","Rozwój umiejętności i zdobywanie nowej wiedzy;Zmiana roli (ale nadal w podobnym środowisku)","G","G","Umiejętności miękkie będą dalej poszukiwane w zarządzaniu projektami"
"2026/03/12 7:46:55 PM EET","Project Manager","1-3 lata","500+","Oprogramowanie wspierające działanie firmy (głównym produktem jest coś innego)","Wielokrotnie w ciągu dnia","Knowledge Agent","5","5","4","Szkoda, że licencje narzędzi AI są zbyt kosztowne, każdy powinien mieć do nich dostęp","Tak. Ekwiwalent pełnego etatu","4","Dynamika zmian","1","Rozwój umiejętności i zdobywanie nowej wiedzy","Lifelong learning","Snowflake","Nic się nie zmieni, AI będzie pomagać, nie przeszkadzać"
"2026/03/13 9:26:50 PM EET","trener/doradca/konsultant","10+ lat","50-150 osób","Oprogramowanie wspierające działanie firmy (głównym produktem jest coś innego)","Raz na kilka dni","copilot, chatGPT","4","3","4","","Tak. Ekwiwalent pełnego etatu","5","moja praca jest oparta na kontaktach z ludźmi","3","Rozwój umiejętności i zdobywanie nowej wiedzy;Inwestycja w narzędzia (w tym w AI)","Rozwój, jak zawsze","efektywne korzystanie z AI","Kierownicy będą zawsze potrzebni"
"2026/03/13 10:37:37 PM EET","Agile Coach/Agile Consultant","10+ lat","500+","Główny produkt (sprzedajemy oprogramowanie / usługę / SaaS)","Wielokrotnie w ciągu dnia","ChatGPT, Gemini, Rovo, zabieram się dopiero za Claude / Cursor","3","2","4","","Musiałem ""zatrudnić"" siebie na kontrakt, już nie pracuję z wybranymi klientami. Budżety na doradztwo i szkolenia prawie nie istnieją.","3","Regres i dysfunkcje transformacji Agile. Większość organizacji ma Zombi Agile, brak zmian systemowych. Brak realnej zmiany został oceniony jako -> Agile nie działa -> To wina Agile Coachy -> To bezwartościowi SM -> Wracamy do twardego Delivery. Żyjemy w czasach gdzie w 2026 r. ""Senior Dev"" nigdy nie pracował w Scrum gdzie była samo-organizacja/samo-zarządzanie, od SM oczekuje się że będzie pchał kolanem i ścigał ludzi jako Delivery Manager, a CI/CD i jego ""ciągłość"" polega na tym, że co 2 tyg. mamy 3h okno na release na proda ze sztabem ludzi na linii i QA jeszcze sprawdza ręcznie czy wszystko poszło ok. A w co niektórych organizacjach, release co kilka miesięcy, monolit, QA tylko manualne, 5 dni przez sztab ludzi. Ale to jest właśnie praca w Enterprise.","2","Rozwój umiejętności i zdobywanie nowej wiedzy;Certyfikacja;Zmiana roli (ale nadal w podobnym środowisku);Całkowita zmiana zawodu (zmiana branży);Inwestycja w narzędzia (w tym w AI)","Aktualnie nadganiam certyfikaty, za długo to odkładałem i jak się okazuje to 1 filtr odcięcia do istniejących jeszcze kontraktów. Później wiedza i praktyka w Agentic AI. Później więcej AI Product Manager. Później AI Ways of Working, projektowanie organizacji jako środowiska gdzie dominują Agenci AI z Humans in the Loop. A w międzyczasie trzeba myśleć o Agroturystyce na starość.","AI context engineering, AI work system design, więcej Product Mgt., Product Discovery z AI. Alternatywnie rzucę to wszystko i wyjadę w Bieszczady. Na serio jest już bardzo zmęczony.","To będzie monitorowanie i projektowanie ways of working dla agentów AI. Życzę sobie, aby faktycznie było więcej myślenia produktowego i eksperymentowania. I może w końcu przestaniemy pałować się z zespołami które tylko udają interdyscyplinarne, a skupimy się na  Flow Metrics + Product Metrics -> Product Outcomes."
"2026/03/14 12:00:27 AM EET","Project Manager","10+ lat","150-500 osób","Główny produkt (sprzedajemy oprogramowanie / usługę / SaaS)","Wielokrotnie w ciągu dnia","Copilot, Perplexity","3","4","4","","Tak. Ekwiwalent pełnego etatu","4","Żyjemy w bardzo dynamicznych czasach, z tego powodu trudno mieć pewność jeśli chodzi o przyszłość","2","Rozwój umiejętności i zdobywanie nowej wiedzy;Inwestycja w narzędzia (w tym w AI);Niezależność finansowa i wcześniejsza emerytura (FIRE)","Rozwój nowych umiejętności","Zwiększanie wartości używania AI w codziennej pracy.","Zaangażowanie poszczególnych ról będzie bardziej strategiczne, a mniej operacyjne."
"2026/03/14 12:20:34 PM EET","Project Manager","5-10 lat","150-500 osób","Główny produkt (sprzedajemy oprogramowanie / usługę / SaaS)","Raz na kilka dni","Perplexity, chat gpt","1","3","4","","Tak. Ekwiwalent pełnego etatu","5","Moja praca polega w dużym stopniu na zarządzaniu ludźmi, rozmowie, rozwiązywaniu problemów, gdzie często ważne są miekkie czynniki ludzkie i jestem w tym dobra.","1","Rozwój umiejętności i zdobywanie nowej wiedzy","Poszerzanie wiedzy i umiejętności, żeby być elastycznym w zmieniającym się rynku","Psychologia-coaching-rozwijanie umiejętności miękkich, negocjacje;
Narzedzia AI, żeby przyziemne excele i projekty w większości powstawały same, generatory preznetacji ppt (na szczęście nie robię ja, ale chcę umieć);
Cyberbezpeiczeństwo i elektronika - dla poszerzenia znajomości branż","Juniorzy mogą być zstąpienia, ale zespół ludzie prowadzący temat, tak samo jak osoby kierujace, decydujące i mobilizujace do dotrzymania termiów zostaną. 
Wykorzystanie AI się zwiekszy, analiza, development, testy będą szły szybciej, ale nadal to czlowiek bedzie musiam operować i mieć kontrolę na tym co się wytworzyło i umieć to poprawić, zmienić w razie potrzeby."
"2026/03/16 9:54:05 AM EET","Delivery Lead","10+ lat","50-150 osób","Główny produkt (sprzedajemy oprogramowanie / usługę / SaaS)","Raz dziennie","GPT, Gemini, Antigravity","5","5","5","","Tak, ale niepełny etat.","4","Rosnąca konkurencja","2","Rozwój umiejętności i zdobywanie nowej wiedzy;Certyfikacja;Otworzenie własnego biznesu (lub stworzenie produktu);Inwestycja w narzędzia (w tym w AI);Niezależność finansowa i wcześniejsza emerytura (FIRE)","Niezależność finansowa i wcześniejsza emerytura (FIRE)","","dobrze."
"2026/03/16 10:44:20 AM EET","Product Manager/Product Owner","10+ lat","500+","Główny produkt (sprzedajemy oprogramowanie / usługę / SaaS)","Wielokrotnie w ciągu dnia","Cursor, Claude Claw, Gemini, ","5","5","5","game changer z productowca do inżyniera oprogramowania","Tak. Ekwiwalent pełnego etatu","2","zmienność i dynamika rynku, dużo większa pula konkurentów o pieniądze z rynku/uwage użytkowników","1","Rozwój umiejętności i zdobywanie nowej wiedzy;Inwestycja w narzędzia (w tym w AI);Niezależność finansowa i wcześniejsza emerytura (FIRE)","development i releasowanie produktów","kodowanie i planowanie architektury, marketing produktów B2C","świetlanie. ktoś to wszystko musi zorkiestrować."
"2026/03/16 2:54:23 PM EET","Delivery Lead","1-3 lata","50-150 osób","Oprogramowanie wspierające działanie firmy (głównym produktem jest coś innego)","Raz dziennie","Copilot","3","4","3","","Tak. Ekwiwalent pełnego etatu","4","sytuacja na rynku pracy","3","Zmiana roli (ale nadal w podobnym środowisku);Inwestycja w narzędzia (w tym w AI)","Poznawanie narzędzi AI, które mogą być pomocne w PM","","raczej stabilnie - nawet jeśli pojawią się nowe technologie, to będą one miały na celu wspieranie np. PM'a w codziennych obowiązkach, a nie jego kompletne zastąpienie."
"2026/03/18 11:12:46 AM EET","Delivery Lead","0-12 miesięcy","500+","Oprogramowanie wspierające działanie firmy (głównym produktem jest coś innego)","Raz na kilka dni","Gemini","3","5","2","","Tak. Ekwiwalent pełnego etatu","4","posiadany zestaw umiejętności eksperckich","2","Rozwój umiejętności i zdobywanie nowej wiedzy;Certyfikacja;Zmiana roli (ale nadal w podobnym środowisku)","rozwój umiejętności","","projekty pomimo możliwości stworzenia ich planów oraz zarządzania w warstwie tworzenia zadań nie powinny pozostać bez nadzoru czynnika ludzkiego. jeśli narzędzia AI będą w stanie skalować poziom zaangażowania każdego członka zespołu indywidualnie na podstawie nie tylko zmiennych widocznych w ramach realizacji tasków, ale również biorąc pod uwagę, że ludzie potrzebują być motywowani w inny sposób niż tylko finansowo lub słowami, to wtedy może zacznę się martwić"
"2026/03/19 12:44:35 AM EET","Scrum Master","10+ lat","1-50 osób","Oprogramowanie wspierające działanie firmy (głównym produktem jest coś innego)","Wielokrotnie w ciągu dnia","chatGPT, Gemini, Copilot","4","5","4","Efektywność adopcji AI jest podobna jak kiedyś z transformacjami agile - jeśli są zaaplikowane do realnych problemów - przyniosą korzyści, jeśli tylko mamy stosować AI dla samego stosowania, to będzie powodem frustracji, przesunięcia wąskich gardeł (np na Code review), nadprodukcji etc. nie będzie korelacji użycia AI z wynikami firmy, co najwyżej rachunki za prąd i tokeny. Stąd ważne, aby używać AI do rozwiązywania realnych problemów.","Tak. Ekwiwalent pełnego etatu","5","Rozwój kompetencji AI, aby nie zostać w tyle.","2","Rozwój umiejętności i zdobywanie nowej wiedzy;Zmiana roli (ale nadal w podobnym środowisku)","Rozwój umiejętności i zdobywanie nowej wiedzy","kodowania agentów / skryptów do codziennej pracy","ja razie stabilnie, bo u nas człowiek pozostaje nadal odpowiedzialny za efekt, nawet jeśli korzysta z AI"
"2026/03/19 3:50:59 PM EET","Project Manager","5-10 lat","50-150 osób","Główny produkt (sprzedajemy oprogramowanie / usługę / SaaS)","Raz na kilka dni","Copilot ","3","4","3","","Tak. Ekwiwalent pełnego etatu","2","Hype na AI, do którego mam mieszane odczucia i małą wolę ""doktoryzacji w temacie""","4","Całkowita zmiana zawodu (zmiana branży)","Szkolenie umiejętności, których nie da się zastąpić AI (głównie praca z ludźmi)","nie powiem","Będą względnie łatwe do zastąpienia, aczkolwiek oderwanie czynnika ludzkiego, będzie wzmagało niechęć. "
"2026/03/19 10:26:30 PM EET","Project Manager","3-5 lat","50-150 osób","Oprogramowanie wspierające działanie firmy (głównym produktem jest coś innego)","Wielokrotnie w ciągu dnia","Note taker, notebook lm, chat gpt, gemini","5","4","5","","Tak. Ekwiwalent pełnego etatu","4","Płynność projektów ","1","Rozwój umiejętności i zdobywanie nowej wiedzy;Certyfikacja","Dywersyfikacja umiejętności ","Szkoła, szkolenia ","Pozytywnie, taka rola miedzyludzka jest istotna"
"2026/03/19 11:17:10 PM EET","DevOps","10+ lat","1-50 osób","Oprogramowanie wspierające działanie firmy (głównym produktem jest coś innego)","Wielokrotnie w ciągu dnia","SANA","2","4","4","DELETE FROM users:","Tak. Ekwiwalent pełnego etatu","1","Redukcja zatrudnienia DEVów na rzecz kosztów licencji na AI.","2","Rozwój umiejętności i zdobywanie nowej wiedzy;Certyfikacja;Zmiana roli (ale nadal w podobnym środowisku);Całkowita zmiana zawodu (zmiana branży);Otworzenie własnego biznesu (lub stworzenie produktu)","Zmiana roli","Audyt","Zastąpi się ich Agentami AI."
"2026/03/23 9:57:03 AM EET","Scrum Master","5-10 lat","500+","Oprogramowanie wspierające działanie firmy (głównym produktem jest coś innego)","Wielokrotnie w ciągu dnia","Gemini, chat firmowy, chatGPT","2","5","5","","Nie jestem konsultantem. Pracuje na UoP, 1FTE","1","Technicznych kompetencji ","2","Całkowita zmiana zawodu (zmiana branży);Otworzenie własnego biznesu (lub stworzenie produktu)","Otwarte oczy i uszy","Psychologia, branża ","Jak gniazda wytwórcze na produkcji."
"2026/03/24 2:26:39 AM EET","Team Leader","1-3 lata","50-150 osób","Główny produkt (sprzedajemy oprogramowanie / usługę / SaaS)","Wielokrotnie w ciągu dnia","Claude, Cursor, Perplexity","4","4","5","Wzrost efektywności może być jedynie pozorny gdy brak mocnego governance. Nawet jeden mierny pracownik może zalać projekt AI slopem stwarzając wrażenie superproduktywnego. Cierpi projekt przez kosmicznie narastający dług technologiczny, późne wykrywanie niedostatków architektury czy zdegradowaną wiedzę o projekcie.","Tak, ale niepełny etat.","3","Ogromna trudność w przewidzeniu jak może wyglądać praca projektowa nie w perspektywie lat, ale wręcz miesięcy. Nie pomaga presja edukacyjna - rozwój jAI est błyskawiczny, ale też i chaotyczny i silnie sterowany hypem.","3","Rozwój umiejętności i zdobywanie nowej wiedzy;Zmiana roli (ale nadal w podobnym środowisku);Inwestycja w narzędzia (w tym w AI);Niezależność finansowa i wcześniejsza emerytura (FIRE)","rozwój i przekwalifikowanie","Twarde: Orkiestracja agentów, miękkie: AI governamce","Chciałoby się rzec: utopia agile się ziści: każdy członek zespołu będzie mógł zrobić wszystko.  wpraktyce korporacyjnej zatrą się specjalizacje techniczne, wzrośnie rola architektów i product ownerów-osób odpowiedzialnych za wizję i kształt priduktów. Niski management straci rację bytu."
"2026/03/24 7:48:34 AM EET","Manager zespołu ","3-5 lat","500+","Oprogramowanie wspierające działanie firmy (głównym produktem jest coś innego)","Rzadziej niż raz w tygodniu","Perplexity","2","2","3","Moja firma nie ma rozwiązań ai","Umowa o pracę ","4","Firma jest nieinnowacyjna, zostaje w tyle na rynku konkurencji a w tym jej pracownicy, bo nie mamy możliwości rozwoju ","3","Rozwój umiejętności i zdobywanie nowej wiedzy;Zmiana roli (ale nadal w podobnym środowisku);Inwestycja w narzędzia (w tym w AI)","Rozwój umiejętności i przebranżowienie","Analiza biznesowa oraz rozwiązania ai","Będą potrzebne osoby z doświadczeniem we wdrażaniu rozwiązań AI"
"2026/03/24 3:43:41 PM EET","Engineering manager ","0-12 miesięcy","1-50 osób","Główny produkt (sprzedajemy oprogramowanie / usługę / SaaS)","Wielokrotnie w ciągu dnia","Copilot , Claude Czat","3","5","2","Na tą chwilę firmy dają narzędzia i czekają aż pracownicy sami coś wniosą, sami w wolnym czasie będą eksperymentować i dowozić nowe rozwiązania.","Tak. Ekwiwalent pełnego etatu","4","Umiejętności budowania workflows i większe doświadczenie w używaniu AI na moim stanowisku ","2","Rozwój umiejętności i zdobywanie nowej wiedzy;Inwestycja w narzędzia (w tym w AI)","Zdobywanie i praktykowanie nowej wiedzy","Komunikacja, strategia","Optymistycznie , wg mnie to będzie bottleneck dla produktów w przyszłości "
"2026/03/24 4:10:41 PM EET","Analityk IT w zespole scrum","10+ lat","50-150 osób","Oprogramowanie wspierające działanie firmy (głównym produktem jest coś innego)","Wielokrotnie w ciągu dnia","Chat GPT, gemini","3","3","2","Jak dla.mnie pozytywne, choć wiele osób może mieć niefajnie","Tak. Ekwiwalent pełnego etatu","1","Koniec kontraktu","1","Rozwój umiejętności i zdobywanie nowej wiedzy;Certyfikacja","Rozwój umiejetnosci","","Na pewno będą się zmieniać Wydaje mi się że to będzie trochę jak z rozwojem środowisk programistycznych Kiedyś trzeba było zmac składnię na pamięć"
"2026/03/24 4:51:11 PM EET","Product Manager/Product Owner","3-5 lat","1-50 osób","Główny produkt (sprzedajemy oprogramowanie / usługę / SaaS)","Wielokrotnie w ciągu dnia","Claude, GPT, Chat PRD ","5","4","5","Bardzo pomocne w dokumentowaniu, porzadkowaniu, generowaniu hipotez, researchu ","Tak, ale niepełny etat.","3","Poniewaz nie wiadomo, czy produkt dalej bedzie miec inwestycji ","2","Rozwój umiejętności i zdobywanie nowej wiedzy","Bardziej stawiam na rozwój strategiczny oraz decyzyjny, a niz na zdobywanie wiedzy technicznej, nie koniecznie umiec to wszytko pod katem praktycznym, ale musze miec wiedze na temat. ","","Koniec czystych ról, tylko PO, czy tylko PM, czy tylko Product Manager, czy tam BA, jedna rol odpowiada za e2e process, i DOBRZE :) robic taski i zajmowac sie priorityzacja, to moze juz AI tak na 80% "
"2026/03/24 10:53:59 PM EET","Senior Insurance Expert ","10+ lat","500+","Oprogramowanie wspierające działanie firmy (głównym produktem jest coś innego)","Wielokrotnie w ciągu dnia","Chat GPT, Open AI, Gemini ","5","5","4","","Tak. Ekwiwalent pełnego etatu","5","AI pozwala mi być efektywną w pracy. Nie może jednak w pełni zastąpić moich kompetencji, dość unikatowych na rynku pracy. To ta unikatowość pozwala mi czuć się pewnie na rynku pracy.","1","Rozwój umiejętności i zdobywanie nowej wiedzy;Certyfikacja;Zmiana roli (ale nadal w podobnym środowisku);Inwestycja w narzędzia (w tym w AI);Nauka języków obcych ","Inwestycja w AI I rozwój kompetencji językowych ","Efektywne wykorzystanie AI oraz biegły język niemiecki ","AI zarządzi priorytetami, stworzy mapy procesów, pozwoli nam odstąpić w dużym procencie od początkowych etapów prac projektowych."
"2026/03/26 12:53:16 PM EET","Scrum Master","5-10 lat","500+","Oprogramowanie wspierające działanie firmy (głównym produktem jest coś innego)","Rzadziej niż raz w tygodniu","Copilot, internal AI productivity tool","1","4","5","pracownicy są zmuszani do korzystania z narzędzi AI - są generowane raporty z używania AI, trzeba dodawać prompty do wspólnego globalnego repozytorium (wpływa to na statystyki zespołu), a także wymyślać innowacje zwiększające performance przy wykorzystaniu AI. Wiele osób odbiera to jako podcinanie gałęzi na której sami siedzimy","Tak. Ekwiwalent pełnego etatu","3","sytuacja na rynku pracy jest niepewna, mało ofert, oferty widmo, konkurencja ogromna","2","Rozwój umiejętności i zdobywanie nowej wiedzy;Zmiana roli (ale nadal w podobnym środowisku)","znalezienie nowej pracy jeśli rozwiążą umowę, rozwijanie dochodów z innej działalności","wykorzystanie AI w bieżącej pracy, zdobywanie wiedzy o inwestowaniu","wg mnie obecnie nie wszystkich da się zastąpić AI. Rola koordynatora projektów raczej będzie jeszcze długo potrzebna jakkolwiek to się będzie nazywało. Czy to będzie Delivery Manager, Scrum Master, PM czy jeszcze coś innego ktoś w rozproszonym globalnie środowisku z wymaganiami płynącymi z różnych rynków, problemami w komunikacji różnicami kulturowymi. Ktoś będzie musiał to spinać, wydaje mi się, że będzie to jeszcze przez dłuższy czas człowiek, a nie agent AI"